datetime,energy usage (kWh),outside temp (C),demand response
2024-01-01 00:00:00,20.06656646728516,24.86197090148926,25.0
2024-01-01 01:00:00,18.8934497833252,24.4973973202449,25.0
2024-01-01 02:00:00,18.57032775878906,24.31255129332184,25.0
2024-01-01 03:00:00,17.67347526550293,23.92426173917709,25.0
2024-01-01 04:00:00,17.63329315185547,23.85961491574523,25.0
2024-01-01 05:00:00,17.51136016845703,23.84854360806045,25.0
2024-01-01 06:00:00,15.18381786346436,23.77908072933074,25.0
2024-01-01 07:00:00,17.61110877990723,23.6764185402983,25.0
2024-01-01 08:00:00,32.83524703979492,23.92815698603148,25.0
2024-01-01 09:00:00,54.40446090698242,25.40183642602736,25.0
2024-01-01 10:00:00,69.57108306884766,26.89278500054472,25.5
2024-01-01 11:00:00,81.42400360107422,27.68757993431501,26.0
2024-01-01 12:00:00,90.43832397460938,28.26571913688414,26.5
2024-01-01 13:00:00,93.18864440917969,28.83031997885755,26.5
2024-01-01 14:00:00,94.83696746826172,29.10038613760343,27.0
2024-01-01 15:00:00,97.4609375,28.89256418904951,27.0
2024-01-01 16:00:00,94.25125122070312,28.54994800526609,26.5
2024-01-01 17:00:00,83.24044799804688,28.18691365436841,26.0
2024-01-01 18:00:00,75.12956237792969,27.3630676884805,26.0
2024-01-01 19:00:00,67.04937744140625,26.57682319353986,25.5
2024-01-01 20:00:00,58.04416275024414,25.78177628465878,25.0
2024-01-01 21:00:00,52.42232894897461,25.67480158036755,25.0
2024-01-01 22:00:00,30.81554222106934,25.5741268486105,25.0
2024-01-01 23:00:00,23.13761138916016,25.27981045425579,25.0
2024-01-02 00:00:00,20.5982551574707,25.22963659224972,25.0
2024-01-02 01:00:00,18.88372039794922,25.13338881666942,25.0
2024-01-02 02:00:00,15.77535724639893,24.78882332258327,25.0
2024-01-02 03:00:00,16.71754837036133,24.52112588574809,25.0
2024-01-02 04:00:00,17.37466621398926,24.50024126934749,25.0
2024-01-02 05:00:00,16.5421314239502,24.37914074108165,25.0
2024-01-02 06:00:00,14.92609024047852,23.68781926555018,25.0
2024-01-02 07:00:00,26.08403205871582,23.38813559214274,25.0
2024-01-02 08:00:00,83.48812103271484,23.71137290872553,24.5
2024-01-02 09:00:00,138.5831451416016,25.10753770028391,25.0
2024-01-02 10:00:00,159.214111328125,26.83380541237452,26.5
2024-01-02 11:00:00,167.4411468505859,28.02078364997782,27.5
2024-01-02 12:00:00,170.3222961425781,29.00539219763971,28.0
2024-01-02 13:00:00,173.8429260253906,29.02036955023325,28.5
2024-01-02 14:00:00,181.9654388427734,29.49040786168909,29.0
2024-01-02 15:00:00,200.6272430419922,29.32499580998574,29.0
2024-01-02 16:00:00,190.9246215820312,28.9406182278869,28.5
2024-01-02 17:00:00,150.2620239257812,28.47455081119332,27.5
2024-01-02 18:00:00,106.967155456543,27.68604801547143,26.5
2024-01-02 19:00:00,90.4342041015625,26.85952413210305,26.0
2024-01-02 20:00:00,72.48747253417969,25.96839072114678,25.5
2024-01-02 21:00:00,60.32962417602539,25.43906417969734,25.0
2024-01-02 22:00:00,33.96828460693359,25.0175600564608,25.0
2024-01-02 23:00:00,24.58533096313477,24.99437708495766,25.0
2024-01-03 00:00:00,19.69943237304688,24.90646251555412,25.0
2024-01-03 01:00:00,18.16362762451172,24.79734013670234,25.0
2024-01-03 02:00:00,16.83037185668945,24.63686811795799,25.0
2024-01-03 03:00:00,16.41556358337402,24.1781706963816,25.0
2024-01-03 04:00:00,17.07562637329102,24.10230675564017,25.0
2024-01-03 05:00:00,15.66195678710938,23.66259126765754,25.0
2024-01-03 06:00:00,13.59921264648438,23.60524196009482,25.0
2024-01-03 07:00:00,25.6290283203125,23.53566654779578,25.0
2024-01-03 08:00:00,81.65625,24.01155088281119,24.5
2024-01-03 09:00:00,135.9783172607422,25.81582533928656,25.5
2024-01-03 10:00:00,157.3065338134766,26.79504944175802,26.5
2024-01-03 11:00:00,168.0083618164062,27.7908407744541,27.0
2024-01-03 12:00:00,157.2800750732422,29.02638201559743,28.0
2024-01-03 13:00:00,156.0044403076172,29.03360408864996,28.0
2024-01-03 14:00:00,170.6330413818359,29.05712064107259,28.5
2024-01-03 15:00:00,191.5166168212891,29.35145208912511,29.0
2024-01-03 16:00:00,179.6929016113281,29.50933753803212,29.0
2024-01-03 17:00:00,143.2989044189453,28.65834237170476,27.5
2024-01-03 18:00:00,100.888069152832,28.12268343279439,26.5
2024-01-03 19:00:00,84.21680450439453,26.80127124376195,25.5
2024-01-03 20:00:00,70.69921112060547,26.00944393937306,25.5
2024-01-03 21:00:00,57.11041641235352,25.87138326706425,25.0
2024-01-03 22:00:00,31.73050308227539,25.89418456374958,25.0
2024-01-03 23:00:00,23.32605361938477,25.47834145125523,25.0
2024-01-04 00:00:00,21.43297004699707,25.46262002760364,25.0
2024-01-04 01:00:00,19.89848518371582,25.43310847333683,25.0
2024-01-04 02:00:00,19.15374374389648,25.13065342236591,25.0
2024-01-04 03:00:00,19.18373107910156,25.00806516216647,25.0
2024-01-04 04:00:00,18.49230194091797,24.45601637645434,25.0
2024-01-04 05:00:00,18.18270874023438,24.18647644083987,25.0
2024-01-04 06:00:00,16.71783065795898,24.2438236359627,25.0
2024-01-04 07:00:00,29.4194221496582,24.12115526712069,25.0
2024-01-04 08:00:00,83.9864501953125,24.19608058724352,24.5
2024-01-04 09:00:00,138.9105682373047,25.43807438881166,25.5
2024-01-04 10:00:00,148.8944091796875,26.84475248603411,26.5
2024-01-04 11:00:00,152.3784637451172,27.55119330908662,27.0
2024-01-04 12:00:00,173.5840911865234,28.28420540594286,27.5
2024-01-04 13:00:00,173.23828125,29.32156358739381,28.5
2024-01-04 14:00:00,188.0648651123047,29.4435241248018,29.0
2024-01-04 15:00:00,200.0306243896484,29.42208446994904,29.0
2024-01-04 16:00:00,192.3309631347656,29.10987142337266,28.5
2024-01-04 17:00:00,151.8502044677734,28.80616515169861,27.5
2024-01-04 18:00:00,108.9249420166016,28.04866058595719,26.5
2024-01-04 19:00:00,91.95891571044922,27.08976670747162,26.0
2024-01-04 20:00:00,79.23035430908203,26.3346863818425,25.5
2024-01-04 21:00:00,61.88068389892578,26.06422519683838,25.5
2024-01-04 22:00:00,33.07762908935547,26.01742543456375,25.0
2024-01-04 23:00:00,23.48822402954102,25.61672476286529,25.0
2024-01-05 00:00:00,17.63027381896973,25.20006149045883,25.0
2024-01-05 01:00:00,15.78691959381104,24.64803177823303,25.0
2024-01-05 02:00:00,13.38022136688232,24.56121011959609,25.0
2024-01-05 03:00:00,13.22288799285889,24.36281810268279,25.0
2024-01-05 04:00:00,12.63818740844727,23.88171314936812,25.0
2024-01-05 05:00:00,12.32965660095215,23.8774758718347,25.0
2024-01-05 06:00:00,12.41638565063477,23.84346297479445,25.0
2024-01-05 07:00:00,21.62917709350586,23.70689575646513,25.0
2024-01-05 08:00:00,72.22908020019531,24.22503930778914,24.5
2024-01-05 09:00:00,122.9645385742188,25.51673098533384,25.5
2024-01-05 10:00:00,139.0069122314453,26.75699672904066,26.0
2024-01-05 11:00:00,153.31640625,28.08958196127287,27.0
2024-01-05 12:00:00,163.6358032226562,28.98434675893476,28.0
2024-01-05 13:00:00,168.5760955810547,29.3358662410449,28.5
2024-01-05 14:00:00,181.7244415283203,29.53426949695874,29.0
2024-01-05 15:00:00,190.3561096191406,29.72829348041165,29.0
2024-01-05 16:00:00,172.2356414794922,29.36997028063702,28.5
2024-01-05 17:00:00,143.3616180419922,28.88383946367489,27.5
2024-01-05 18:00:00,111.9846496582031,28.30882429307507,26.5
2024-01-05 19:00:00,92.20720672607422,27.65392363968716,26.0
2024-01-05 20:00:00,80.0519790649414,26.8130603092973,25.5
2024-01-05 21:00:00,61.77278900146484,26.20024911818966,25.5
2024-01-05 22:00:00,31.91884422302246,25.80733042891308,25.0
2024-01-05 23:00:00,21.59376907348633,25.4337751429568,25.0
2024-01-06 00:00:00,19.52993965148926,25.31214627911968,25.0
2024-01-06 01:00:00,17.49094009399414,25.3475322620843,25.0
2024-01-06 02:00:00,16.73421478271484,25.02739608928722,25.0
2024-01-06 03:00:00,16.18416976928711,24.75355317515712,25.0
2024-01-06 04:00:00,15.03115463256836,24.36986796061198,25.0
2024-01-06 05:00:00,14.62160587310791,24.30890422739008,25.0
2024-01-06 06:00:00,13.7158317565918,24.35108227883616,25.0
2024-01-06 07:00:00,22.33400726318359,24.23984083565333,25.0
2024-01-06 08:00:00,66.48473358154297,24.54949782997049,25.0
2024-01-06 09:00:00,113.2496871948242,26.35406601813532,25.5
2024-01-06 10:00:00,138.2950897216797,27.76480104589975,27.0
2024-01-06 11:00:00,139.5957641601562,28.82922450445032,27.5
2024-01-06 12:00:00,143.7337799072266,29.48069553990518,28.0
2024-01-06 13:00:00,134.6159820556641,29.66156453983758,28.0
2024-01-06 14:00:00,150.8134307861328,29.50427207126412,28.0
2024-01-06 15:00:00,152.0435791015625,29.41001938235375,28.0
2024-01-06 16:00:00,140.4212493896484,29.33349931368264,28.0
2024-01-06 17:00:00,127.4949035644531,29.02755000001641,27.5
2024-01-06 18:00:00,103.1440505981445,28.54992595795662,26.5
2024-01-06 19:00:00,78.18356323242188,27.26836018921227,26.0
2024-01-06 20:00:00,56.86596298217773,26.43867392181068,25.5
2024-01-06 21:00:00,47.014892578125,26.16009696837395,25.5
2024-01-06 22:00:00,24.99862670898438,25.99898980253486,25.0
2024-01-06 23:00:00,18.18325996398926,25.67213594785301,25.0
2024-01-07 00:00:00,16.87020301818848,25.38396884549049,25.0
2024-01-07 01:00:00,14.87626838684082,25.07148686275687,25.0
2024-01-07 02:00:00,15.3034782409668,24.796448041034,25.0
2024-01-07 03:00:00,13.80401039123535,24.39774627070273,25.0
2024-01-07 04:00:00,12.85470104217529,24.16099556543494,25.0
2024-01-07 05:00:00,11.84133434295654,23.95454118585074,25.0
2024-01-07 06:00:00,10.75400733947754,23.82871234032416,25.0
2024-01-07 07:00:00,12.65057182312012,23.85750080436788,25.0
2024-01-07 08:00:00,26.55308532714844,24.37906232444189,25.0
2024-01-07 09:00:00,46.82585525512695,25.58545737112722,25.0
2024-01-07 10:00:00,56.84231567382812,27.14541191183111,25.5
2024-01-07 11:00:00,68.77393341064453,28.22148354848226,26.0
2024-01-07 12:00:00,75.29078674316406,29.01086542683263,26.5
2024-01-07 13:00:00,78.63812255859375,29.66191875293691,26.5
2024-01-07 14:00:00,82.53878021240234,30.01949406695622,27.0
2024-01-07 15:00:00,78.98462677001953,30.00889578173237,27.0
2024-01-07 16:00:00,77.93678283691406,29.85028533525364,27.0
2024-01-07 17:00:00,69.71073913574219,29.38046044175343,26.5
2024-01-07 18:00:00,60.50885772705078,28.43750627579228,26.0
2024-01-07 19:00:00,51.96004867553711,27.43344828903034,25.5
2024-01-07 20:00:00,41.48109436035156,26.42140614089146,25.5
2024-01-07 21:00:00,33.36951446533203,26.10327840620472,25.0
2024-01-07 22:00:00,19.13157272338867,25.89803137830509,25.0
2024-01-07 23:00:00,15.49577713012695,25.68207840252948,25.0
2024-01-08 00:00:00,16.01525497436523,25.69068711803806,25.0
2024-01-08 01:00:00,14.28836059570312,25.39914591594409,25.0
2024-01-08 02:00:00,14.41477298736572,25.16386386912356,25.0
2024-01-08 03:00:00,13.95954513549805,24.92249547281573,25.0
2024-01-08 04:00:00,13.57861137390137,24.51291037118563,25.0
2024-01-08 05:00:00,12.88319969177246,24.44358672890612,25.0
2024-01-08 06:00:00,11.73768901824951,24.29009942085512,25.0
2024-01-08 07:00:00,13.22902011871338,24.09342973975725,25.0
2024-01-08 08:00:00,23.53521156311035,24.61962611700899,25.0
2024-01-08 09:00:00,37.36679458618164,25.82928272985643,25.0
2024-01-08 10:00:00,52.00297164916992,27.10280500432496,25.5
2024-01-08 11:00:00,61.65994644165039,28.26222777623002,26.0
2024-01-08 12:00:00,67.67060089111328,29.15048660770539,26.5
2024-01-08 13:00:00,74.10462951660156,29.90376428378526,26.5
2024-01-08 14:00:00,77.29949188232422,30.11760371218445,27.0
2024-01-08 15:00:00,77.5875473022461,29.61731273897233,26.5
2024-01-08 16:00:00,73.84812927246094,29.63516637330414,26.5
2024-01-08 17:00:00,66.58428955078125,29.13668738129319,26.5
2024-01-08 18:00:00,58.51519012451172,28.48834609985352,26.0
2024-01-08 19:00:00,49.34200668334961,27.51438035247146,25.5
2024-01-08 20:00:00,40.67797088623047,26.80290201658844,25.5
2024-01-08 21:00:00,35.87326812744141,26.14740245572982,25.0
2024-01-08 22:00:00,21.58233261108398,25.90886837949035,25.0
2024-01-08 23:00:00,16.96269798278809,25.5651287673622,25.0
2024-01-09 00:00:00,14.15688991546631,25.55114684566375,25.0
2024-01-09 01:00:00,13.72329521179199,25.41849541407759,25.0
2024-01-09 02:00:00,12.20222568511963,25.18746484735961,25.0
2024-01-09 03:00:00,12.8741283416748,25.05883792138869,25.0
2024-01-09 04:00:00,12.97891521453857,24.95358555291289,25.0
2024-01-09 05:00:00,12.63705062866211,24.8506010219615,25.0
2024-01-09 06:00:00,12.21779441833496,24.71100493400328,25.0
2024-01-09 07:00:00,19.64242744445801,24.17074356284193,25.0
2024-01-09 08:00:00,62.38877105712891,24.61293839895597,25.0
2024-01-09 09:00:00,106.0694198608398,26.12281931600263,25.5
2024-01-09 10:00:00,118.6778717041016,27.82474735218992,26.5
2024-01-09 11:00:00,134.4616241455078,29.01047818378736,27.5
2024-01-09 12:00:00,132.4826812744141,29.81413275195706,28.0
2024-01-09 13:00:00,136.0149383544922,30.40584274004864,28.5
2024-01-09 14:00:00,157.7046661376953,30.72294220873104,29.0
2024-01-09 15:00:00,169.0769958496094,30.77594637101696,29.5
2024-01-09 16:00:00,156.1723327636719,30.34107936325893,29.0
2024-01-09 17:00:00,134.6062927246094,29.78097393692181,28.0
2024-01-09 18:00:00,98.49337768554688,29.23228780684932,27.0
2024-01-09 19:00:00,79.32560729980469,28.14961272414013,26.0
2024-01-09 20:00:00,61.82926559448242,27.31699676923854,25.5
2024-01-09 21:00:00,49.31208801269531,26.7853737800352,25.5
2024-01-09 22:00:00,28.5390739440918,26.63634203839046,25.0
2024-01-09 23:00:00,20.90396308898926,26.36780918285411,25.0
2024-01-10 00:00:00,15.69739723205566,25.94304349345546,25.0
2024-01-10 01:00:00,13.96183776855469,25.69653669993083,25.0
2024-01-10 02:00:00,12.89467525482178,25.41440444864253,25.0
2024-01-10 03:00:00,12.84805107116699,25.23034043465891,25.0
2024-01-10 04:00:00,13.00194549560547,25.08186563881495,25.0
2024-01-10 05:00:00,12.50201416015625,25.26916240363993,25.0
2024-01-10 06:00:00,11.49265003204346,25.07436192420221,25.0
2024-01-10 07:00:00,20.47714996337891,24.61905004644907,25.0
2024-01-10 08:00:00,65.0174331665039,25.30622664831018,25.0
2024-01-10 09:00:00,114.1295700073242,26.53483467717324,26.0
2024-01-10 10:00:00,125.4839172363281,27.87366647617791,26.5
2024-01-10 11:00:00,142.9876251220703,29.22250041141305,28.0
2024-01-10 12:00:00,135.9599914550781,30.52807758700463,28.5
2024-01-10 13:00:00,140.4065551757812,30.67421567568215,28.5
2024-01-10 14:00:00,158.6254730224609,31.12895132905694,29.5
2024-01-10 15:00:00,166.716064453125,30.89715210083992,29.5
2024-01-10 16:00:00,162.3249053955078,30.70290475250572,29.5
2024-01-10 17:00:00,132.4965209960938,29.92369837402016,28.0
2024-01-10 18:00:00,96.38693237304688,29.27772029753654,27.0
2024-01-10 19:00:00,75.57749938964844,28.23407910459785,26.0
2024-01-10 20:00:00,60.1453971862793,27.33194410672752,25.5
2024-01-10 21:00:00,48.20997619628906,26.68272735226539,25.5
2024-01-10 22:00:00,27.33860397338867,26.47005692348685,25.0
2024-01-10 23:00:00,20.03067207336426,26.28265695674445,25.0
2024-01-11 00:00:00,17.70738983154297,25.9988939223751,25.0
2024-01-11 01:00:00,15.89255237579346,25.70831783868933,25.0
2024-01-11 02:00:00,14.94413471221924,25.51799390649283,25.0
2024-01-11 03:00:00,14.53589344024658,25.4458035192182,25.0
2024-01-11 04:00:00,14.62249565124512,25.44857956260763,25.0
2024-01-11 05:00:00,13.8578052520752,25.14451661673925,25.0
2024-01-11 06:00:00,12.89992904663086,24.91267351950368,25.0
2024-01-11 07:00:00,22.14032745361328,24.72878307424566,25.0
2024-01-11 08:00:00,67.34044647216797,25.14158185323079,25.0
2024-01-11 09:00:00,111.7020797729492,26.31518004017492,25.5
2024-01-11 10:00:00,122.6608734130859,27.38169967487294,26.5
2024-01-11 11:00:00,145.9047393798828,28.40666199755925,27.5
2024-01-11 12:00:00,147.6301422119141,29.64957323381978,28.0
2024-01-11 13:00:00,151.3458099365234,30.50005511827366,29.0
2024-01-11 14:00:00,162.7142486572266,30.6615111238213,29.5
2024-01-11 15:00:00,175.2420349121094,30.55919225754277,29.5
2024-01-11 16:00:00,180.3538055419922,30.30316588699177,29.5
2024-01-11 17:00:00,139.0827484130859,29.82566200789585,28.0
2024-01-11 18:00:00,103.3862457275391,28.97851396376087,27.0
2024-01-11 19:00:00,91.93605041503906,28.19338908246769,26.5
2024-01-11 20:00:00,70.90718841552734,27.3269596510036,26.0
2024-01-11 21:00:00,57.74395370483398,27.0614232401694,25.5
2024-01-11 22:00:00,32.82884979248047,26.8804815558977,25.5
2024-01-11 23:00:00,22.84933090209961,26.629715652876,25.0
2024-01-12 00:00:00,16.38577461242676,26.34878121652911,25.0
2024-01-12 01:00:00,15.14892673492432,26.03741503274569,25.0
2024-01-12 02:00:00,13.67980098724365,25.80735721383044,25.0
2024-01-12 03:00:00,12.12688255310059,25.72155980140932,25.0
2024-01-12 04:00:00,11.52168941497803,25.59178655891008,25.0
2024-01-12 05:00:00,11.29910087585449,24.76575286414034,25.0
2024-01-12 06:00:00,10.57379817962646,24.60663315557665,25.0
2024-01-12 07:00:00,19.84485816955566,24.27634225865846,25.0
2024-01-12 08:00:00,67.47811126708984,24.7296741034395,25.0
2024-01-12 09:00:00,113.2774124145508,26.36399807468537,25.5
2024-01-12 10:00:00,138.0483703613281,27.86726621402207,27.0
2024-01-12 11:00:00,150.0002136230469,29.15287154207947,28.0
2024-01-12 12:00:00,168.221435546875,29.89111740358414,29.0
2024-01-12 13:00:00,169.7297058105469,30.29093476777436,29.0
2024-01-12 14:00:00,185.0119171142578,30.6973630023259,30.0
2024-01-12 15:00:00,192.9219512939453,31.09054470062256,30.5
2024-01-12 16:00:00,185.4565582275391,30.59075154540359,30.0
2024-01-12 17:00:00,146.8574523925781,29.97131994719146,28.5
2024-01-12 18:00:00,115.8919372558594,29.23928039304672,27.5
2024-01-12 19:00:00,94.32039642333984,28.27039582242248,26.5
2024-01-12 20:00:00,72.41141510009766,27.57187792049941,26.0
2024-01-12 21:00:00,59.9623908996582,27.00253901943084,25.5
2024-01-12 22:00:00,31.77603340148926,26.82499432307418,25.5
2024-01-12 23:00:00,24.2353401184082,26.7450524709558,25.0
2024-01-13 00:00:00,21.42963218688965,26.47128966546828,25.0
2024-01-13 01:00:00,19.34601402282715,26.22973434899443,25.0
2024-01-13 02:00:00,16.71067047119141,25.96889383049421,25.0
2024-01-13 03:00:00,16.89779281616211,25.66458102195494,25.0
2024-01-13 04:00:00,15.15117359161377,25.69326839652113,25.0
2024-01-13 05:00:00,14.84234809875488,25.37127446615568,25.0
2024-01-13 06:00:00,13.17932319641113,25.07724608144452,25.0
2024-01-13 07:00:00,22.3859806060791,25.17751052815427,25.0
2024-01-13 08:00:00,68.12481689453125,25.6279412956648,25.0
2024-01-13 09:00:00,114.7420425415039,27.22980219318021,26.0
2024-01-13 10:00:00,131.6871337890625,28.70693202685284,27.5
2024-01-13 11:00:00,152.7354888916016,29.96871075578915,28.5
2024-01-13 12:00:00,154.1826629638672,30.7226674479823,29.0
2024-01-13 13:00:00,144.1927642822266,31.40645850602017,29.5
2024-01-13 14:00:00,152.6676940917969,31.34456207931683,29.5
2024-01-13 15:00:00,144.1280364990234,30.76358072219356,29.0
2024-01-13 16:00:00,147.5847625732422,30.75535136397167,29.0
2024-01-13 17:00:00,130.0578765869141,30.25075931959255,28.0
2024-01-13 18:00:00,104.0533905029297,29.85473165204448,27.5
2024-01-13 19:00:00,87.31187438964844,28.87313841747981,26.5
2024-01-13 20:00:00,67.77466583251953,27.73027885601085,26.0
2024-01-13 21:00:00,52.35895919799805,27.0893037549911,25.5
2024-01-13 22:00:00,29.32461929321289,26.88489977518718,25.5
2024-01-13 23:00:00,21.96362686157227,26.68325000680903,25.0
2024-01-14 00:00:00,18.99703407287598,26.39516492043772,25.0
2024-01-14 01:00:00,17.74585151672363,26.487717956625,25.0
2024-01-14 02:00:00,17.00920104980469,26.24897407203592,25.0
2024-01-14 03:00:00,15.19497680664062,25.84101021674372,25.0
2024-01-14 04:00:00,14.51996326446533,25.66473199987924,25.0
2024-01-14 05:00:00,13.13978004455566,25.46375743291711,25.0
2024-01-14 06:00:00,12.18263053894043,25.54301434178506,25.0
2024-01-14 07:00:00,14.27416038513184,25.50910444157098,25.0
2024-01-14 08:00:00,28.42155647277832,25.82696494235787,25.0
2024-01-14 09:00:00,51.50477981567383,27.30738876711938,25.5
2024-01-14 10:00:00,61.90884017944336,28.49330651888283,26.0
2024-01-14 11:00:00,73.51708221435547,29.4158899963543,26.5
2024-01-14 12:00:00,85.7763671875,30.36770168427498,27.0
2024-01-14 13:00:00,86.5897216796875,30.89280705810875,27.5
2024-01-14 14:00:00,89.48490905761719,31.02152914642006,27.5
2024-01-14 15:00:00,90.03314208984375,31.23718055602043,27.5
2024-01-14 16:00:00,89.17681884765625,30.85905526273994,27.5
2024-01-14 17:00:00,81.79788208007812,30.04281961789695,27.0
2024-01-14 18:00:00,66.94426727294922,29.4313855325022,26.5
2024-01-14 19:00:00,56.80319213867188,28.43769398555961,26.0
2024-01-14 20:00:00,50.02492523193359,27.63428335292365,25.5
2024-01-14 21:00:00,44.14363098144531,27.32308501581992,25.5
2024-01-14 22:00:00,25.29429054260254,27.14983757593298,25.5
2024-01-14 23:00:00,20.41647720336914,26.78639123773062,25.0
2024-01-15 00:00:00,19.91686820983887,26.5648745259931,25.0
2024-01-15 01:00:00,17.34270668029785,26.19443012565695,25.0
2024-01-15 02:00:00,15.78519248962402,25.59007230368994,25.0
2024-01-15 03:00:00,15.4456844329834,25.59202437246999,25.0
2024-01-15 04:00:00,15.18943309783936,25.5951361092188,25.0
2024-01-15 05:00:00,14.27095222473145,25.60930283864339,25.0
2024-01-15 06:00:00,13.63334465026855,25.49983713703771,25.0
2024-01-15 07:00:00,16.07343673706055,25.42124759509999,25.0
2024-01-15 08:00:00,29.75497245788574,25.8561449153449,25.0
2024-01-15 09:00:00,48.45040130615234,27.26345053026753,25.5
2024-01-15 10:00:00,62.03897476196289,28.72572784013646,26.0
2024-01-15 11:00:00,73.25946044921875,29.75322121445851,26.5
2024-01-15 12:00:00,87.30110931396484,30.35445650162236,27.0
2024-01-15 13:00:00,86.38211822509766,30.84569117843464,27.5
2024-01-15 14:00:00,88.3042984008789,31.02328907546177,27.5
2024-01-15 15:00:00,77.85804748535156,30.75912214094593,27.0
2024-01-15 16:00:00,85.7210693359375,30.49415221265567,27.0
2024-01-15 17:00:00,79.09798431396484,30.17531685162616,27.0
2024-01-15 18:00:00,69.66338348388672,29.44412606762302,26.5
2024-01-15 19:00:00,60.1429328918457,28.56417925639819,26.0
2024-01-15 20:00:00,52.07380294799805,27.79114887278567,25.5
2024-01-15 21:00:00,47.14640808105469,27.56148778238604,25.5
2024-01-15 22:00:00,26.86206817626953,27.42730665719637,25.5
2024-01-15 23:00:00,21.00677680969238,26.97824325356432,25.0
2024-01-16 00:00:00,19.06380653381348,26.94838646919496,25.0
2024-01-16 01:00:00,17.56206703186035,26.79346864966936,25.0
2024-01-16 02:00:00,15.24538707733154,26.62602908636934,25.0
2024-01-16 03:00:00,15.74208354949951,26.02778240942186,25.0
2024-01-16 04:00:00,15.3201265335083,25.7165592767859,25.0
2024-01-16 05:00:00,14.92314338684082,25.70606589573686,25.0
2024-01-16 06:00:00,14.4360179901123,25.57042564884309,25.0
2024-01-16 07:00:00,24.22427940368652,25.43644288791123,25.0
2024-01-16 08:00:00,77.14514923095703,25.85275500307801,25.5
2024-01-16 09:00:00,117.5672454833984,27.22325451143326,26.0
2024-01-16 10:00:00,132.6061401367188,28.84106847291352,27.5
2024-01-16 11:00:00,147.1838531494141,30.01647864105881,28.5
2024-01-16 12:00:00,144.6284332275391,31.00376892089844,29.0
2024-01-16 13:00:00,146.6522216796875,31.10090531585037,29.0
2024-01-16 14:00:00,150.7147827148438,31.30329683775543,29.5
2024-01-16 15:00:00,157.4391479492188,31.0323817037767,29.5
2024-01-16 16:00:00,159.461669921875,31.05803448666808,29.5
2024-01-16 17:00:00,136.7075042724609,30.74889417873916,28.5
2024-01-16 18:00:00,107.4847869873047,29.8781178997409,27.5
2024-01-16 19:00:00,87.54035949707031,28.90106606227095,26.5
2024-01-16 20:00:00,65.93392944335938,28.29007829645629,26.0
2024-01-16 21:00:00,54.58805084228516,27.65516284204298,25.5
2024-01-16 22:00:00,30.26777458190918,27.21466343377226,25.5
2024-01-16 23:00:00,21.77780914306641,26.92137510033064,25.0
2024-01-17 00:00:00,17.80831527709961,26.74263449638121,25.0
2024-01-17 01:00:00,15.30803108215332,26.28291473593763,25.0
2024-01-17 02:00:00,13.32509517669678,26.06073235952726,25.0
2024-01-17 03:00:00,14.29361248016357,25.72048891744306,25.0
2024-01-17 04:00:00,15.13197708129883,25.57703998524656,25.0
2024-01-17 05:00:00,14.07916450500488,25.66071240619947,25.0
2024-01-17 06:00:00,12.91157245635986,25.67949491931546,25.0
2024-01-17 07:00:00,23.60687637329102,25.64811225603986,25.0
2024-01-17 08:00:00,78.18507385253906,26.06040940233456,25.5
2024-01-17 09:00:00,140.8232269287109,27.87737917130993,27.0
2024-01-17 10:00:00,157.8891143798828,29.44816745224819,28.5
2024-01-17 11:00:00,161.8522033691406,30.75630047500774,29.5
2024-01-17 12:00:00,160.7155151367188,31.57148115096554,30.0
2024-01-17 13:00:00,152.7663116455078,31.52451735670849,29.5
2024-01-17 14:00:00,173.9357757568359,31.19591637067897,30.0
2024-01-17 15:00:00,165.8532562255859,31.50455293347759,30.0
2024-01-17 16:00:00,160.9849395751953,31.24072359966975,29.5
2024-01-17 17:00:00,133.77734375,31.05390537426036,29.0
2024-01-17 18:00:00,100.9440765380859,30.6167114011703,27.5
2024-01-17 19:00:00,81.90342712402344,29.43740049997966,26.5
2024-01-17 20:00:00,66.24445343017578,28.21630149759272,26.0
2024-01-17 21:00:00,51.85797500610352,27.63961739693919,25.5
2024-01-17 22:00:00,29.65005874633789,27.28789934547999,25.5
2024-01-17 23:00:00,20.66263961791992,27.03044246345438,25.0
2024-01-18 00:00:00,17.45501518249512,26.81005680945612,25.0
2024-01-18 01:00:00,15.94604778289795,26.55929472113169,25.0
2024-01-18 02:00:00,16.0095043182373,26.78366080663537,25.0
2024-01-18 03:00:00,16.44283866882324,26.38990097661172,25.0
2024-01-18 04:00:00,16.15946388244629,26.1273743619201,25.0
2024-01-18 05:00:00,15.66360282897949,25.89526042117867,25.0
2024-01-18 06:00:00,14.73165607452393,25.88131283175561,25.0
2024-01-18 07:00:00,26.38654136657715,26.00480687746438,25.0
2024-01-18 08:00:00,79.00677490234375,26.36814238435479,25.5
2024-01-18 09:00:00,133.3152465820312,27.78782669190437,26.5
2024-01-18 10:00:00,145.0355529785156,28.80976777435631,27.5
2024-01-18 11:00:00,151.8986663818359,29.7129497015348,28.5
2024-01-18 12:00:00,165.3501892089844,30.70614704009025,29.5
2024-01-18 13:00:00,163.5097198486328,31.05305264585762,29.5
2024-01-18 14:00:00,164.7751159667969,31.35434210172264,30.0
2024-01-18 15:00:00,188.9250640869141,31.41729880917457,30.5
2024-01-18 16:00:00,178.0523376464844,31.39534035549369,30.5
2024-01-18 17:00:00,146.7560882568359,30.83014230830695,29.0
2024-01-18 18:00:00,106.2968063354492,29.85957927088584,27.5
2024-01-18 19:00:00,91.03239440917969,28.90644558527136,26.5
2024-01-18 20:00:00,79.91719818115234,28.17280958032095,26.0
2024-01-18 21:00:00,65.93031311035156,27.80347334954046,26.0
2024-01-18 22:00:00,35.54824447631836,27.80849624961935,25.5
2024-01-18 23:00:00,25.48579025268555,27.6730372008457,25.5
2024-01-19 00:00:00,19.19809341430664,27.46288828695974,25.0
2024-01-19 01:00:00,16.3451976776123,27.13788456045171,25.0
2024-01-19 02:00:00,14.47544288635254,26.76641400655111,25.0
2024-01-19 03:00:00,13.78835868835449,26.35143492298742,25.0
2024-01-19 04:00:00,12.4504566192627,26.00043594196278,25.0
2024-01-19 05:00:00,12.67438220977783,25.87017060351628,25.0
2024-01-19 06:00:00,12.7356538772583,25.63719835589009,25.0
2024-01-19 07:00:00,21.80111694335938,25.61690692491429,25.0
2024-01-19 08:00:00,75.7186050415039,25.87179631058888,25.5
2024-01-19 09:00:00,129.3040161132812,27.04530103744999,26.0
2024-01-19 10:00:00,160.0137481689453,28.45333907424763,27.5
2024-01-19 11:00:00,171.4841613769531,29.89820229109898,29.0
2024-01-19 12:00:00,182.1967010498047,30.78926301771595,30.0
2024-01-19 13:00:00,181.3513031005859,31.32625308088077,30.5
2024-01-19 14:00:00,191.1103515625,31.54857639599872,31.0
2024-01-19 15:00:00,200.1520385742188,31.81500142620456,31.5
2024-01-19 16:00:00,188.6617279052734,31.83434660716723,31.0
2024-01-19 17:00:00,152.8516082763672,31.00354835551272,29.5
2024-01-19 18:00:00,117.2000427246094,30.37445794382403,28.0
2024-01-19 19:00:00,99.06792449951172,29.46862459695467,27.0
2024-01-19 20:00:00,76.55097198486328,28.70259799752184,26.5
2024-01-19 21:00:00,64.5268783569336,28.12891415626772,26.0
2024-01-19 22:00:00,32.52318954467773,27.8818733051259,25.5
2024-01-19 23:00:00,23.34438514709473,27.54692466284639,25.5
2024-01-20 00:00:00,21.20786285400391,27.31586739324754,25.0
2024-01-20 01:00:00,17.8643856048584,26.9978846170569,25.0
2024-01-20 02:00:00,16.75904083251953,26.58367610234086,25.0
2024-01-20 03:00:00,16.85311889648438,26.34593739048127,25.0
2024-01-20 04:00:00,15.15803623199463,26.50668767703477,25.0
2024-01-20 05:00:00,14.77484321594238,26.12293189059022,25.0
2024-01-20 06:00:00,14.67208385467529,25.96412307985367,25.0
2024-01-20 07:00:00,22.02968215942383,25.90692254548432,25.0
2024-01-20 08:00:00,68.74649047851562,26.48310862305344,25.5
2024-01-20 09:00:00,116.0605545043945,27.86815357208252,26.5
2024-01-20 10:00:00,137.7655639648438,29.28627766845047,28.0
2024-01-20 11:00:00,153.4132995605469,30.39722326750396,29.0
2024-01-20 12:00:00,167.9246215820312,31.31269424192367,30.0
2024-01-20 13:00:00,169.8153533935547,31.78451973904846,30.5
2024-01-20 14:00:00,175.50634765625,31.60523554073867,30.5
2024-01-20 15:00:00,174.7394866943359,31.49158893092986,30.5
2024-01-20 16:00:00,169.1094512939453,31.38835072261031,30.0
2024-01-20 17:00:00,143.6911163330078,30.79592718103881,29.0
2024-01-20 18:00:00,124.8898773193359,30.17165282464796,28.0
2024-01-20 19:00:00,98.68402099609375,29.36602394555205,27.0
2024-01-20 20:00:00,73.54085540771484,28.57239991875105,26.0
2024-01-20 21:00:00,58.97871017456055,28.26780100791685,26.0
2024-01-20 22:00:00,32.95352554321289,28.46201954093031,25.5
2024-01-20 23:00:00,25.41011428833008,28.17605351889005,25.5
2024-01-21 00:00:00,21.35219192504883,27.64620054921796,25.5
2024-01-21 01:00:00,18.8543815612793,27.65251853901853,25.0
2024-01-21 02:00:00,18.41100692749023,27.23817269520093,25.0
2024-01-21 03:00:00,16.92620849609375,26.91371256305325,25.0
2024-01-21 04:00:00,15.22378063201904,26.8006038255589,25.0
2024-01-21 05:00:00,13.87317371368408,26.32367024370419,25.0
2024-01-21 06:00:00,12.65231037139893,26.16709875291394,25.0
2024-01-21 07:00:00,14.85835266113281,26.09245932999477,25.0
2024-01-21 08:00:00,30.98114013671875,26.63420059860394,25.0
2024-01-21 09:00:00,52.08491897583008,27.81752435622677,25.5
2024-01-21 10:00:00,64.53980255126953,29.03337031538769,26.0
2024-01-21 11:00:00,75.75868225097656,30.08772488050563,27.0
2024-01-21 12:00:00,92.14878845214844,31.18374929120464,27.5
2024-01-21 13:00:00,89.56310272216797,31.87054823803645,28.0
2024-01-21 14:00:00,97.70252227783203,32.25359047100108,28.5
2024-01-21 15:00:00,91.40728759765625,32.01344468516688,28.0
2024-01-21 16:00:00,89.67472076416016,31.62373606363932,28.0
2024-01-21 17:00:00,81.5351791381836,31.25194316781977,27.5
2024-01-21 18:00:00,72.7919692993164,30.56104893838206,27.0
2024-01-21 19:00:00,59.64163970947266,29.85364851387598,26.5
2024-01-21 20:00:00,50.41548538208008,28.82186912208475,26.0
2024-01-21 21:00:00,41.50541305541992,28.45020020392633,25.5
2024-01-21 22:00:00,23.43496704101562,28.12211229467905,25.5
2024-01-21 23:00:00,18.41460800170898,27.76612750432825,25.0
2024-01-22 00:00:00,18.71672439575195,27.62350826878701,25.0
2024-01-22 01:00:00,16.17580604553223,27.32710523502801,25.0
2024-01-22 02:00:00,15.90767097473145,27.13855513706002,25.0
2024-01-22 03:00:00,16.41805839538574,26.9628319586477,25.0
2024-01-22 04:00:00,16.26769065856934,26.59600198397072,25.0
2024-01-22 05:00:00,14.78932666778564,26.39218737489434,25.0
2024-01-22 06:00:00,13.63599014282227,26.2315188992408,25.0
2024-01-22 07:00:00,15.00900459289551,26.14852528930992,25.0
2024-01-22 08:00:00,30.07807731628418,26.70002264617592,25.0
2024-01-22 09:00:00,51.72663497924805,28.42291625853508,26.0
2024-01-22 10:00:00,68.84064483642578,29.8231990157917,26.5
2024-01-22 11:00:00,83.30995178222656,30.74219667783348,27.0
2024-01-22 12:00:00,96.33878326416016,31.65457584011939,28.0
2024-01-22 13:00:00,97.03340911865234,32.02962246761527,28.0
2024-01-22 14:00:00,83.50389099121094,31.9704154024842,27.5
2024-01-22 15:00:00,81.8514404296875,31.90145034174765,27.5
2024-01-22 16:00:00,86.05669403076172,31.81084641077185,28.0
2024-01-22 17:00:00,79.10550689697266,31.6417016777941,27.5
2024-01-22 18:00:00,73.98805236816406,31.01383006188177,27.0
2024-01-22 19:00:00,62.90005493164062,29.92867351860128,26.5
2024-01-22 20:00:00,55.50963592529297,28.85489812461279,26.0
2024-01-22 21:00:00,49.27447891235352,28.62583021963796,26.0
2024-01-22 22:00:00,26.73504257202148,28.53880828939458,25.5
2024-01-22 23:00:00,22.60471153259277,28.28983529408773,25.5
2024-01-23 00:00:00,20.47052192687988,28.15547487812658,25.5
2024-01-23 01:00:00,18.74668312072754,27.9181729491039,25.5
2024-01-23 02:00:00,16.71280860900879,27.23668385577458,25.0
2024-01-23 03:00:00,17.20907211303711,26.9254416496523,25.0
2024-01-23 04:00:00,15.88149929046631,26.88740806169407,25.0
2024-01-23 05:00:00,14.89422130584717,26.71485489670948,25.0
2024-01-23 06:00:00,13.58511257171631,26.45468576492802,25.0
2024-01-23 07:00:00,23.20352554321289,26.54800174056843,25.0
2024-01-23 08:00:00,79.7215805053711,26.9222339301981,25.5
2024-01-23 09:00:00,121.2116317749023,28.23572660261585,27.0
2024-01-23 10:00:00,143.5942535400391,29.80906119397892,28.0
2024-01-23 11:00:00,157.2496185302734,30.77323059369159,29.5
2024-01-23 12:00:00,153.192138671875,31.58610528515231,29.5
2024-01-23 13:00:00,155.6285705566406,32.26133616252612,30.5
2024-01-23 14:00:00,166.4508666992188,32.42765018504153,31.0
2024-01-23 15:00:00,171.5176391601562,32.34106503763506,31.0
2024-01-23 16:00:00,175.8874664306641,32.12752295053134,31.0
2024-01-23 17:00:00,146.0882568359375,31.66847839150378,29.5
2024-01-23 18:00:00,106.2106018066406,31.31952981025942,28.0
2024-01-23 19:00:00,91.03002166748047,30.36284082679338,27.5
2024-01-23 20:00:00,73.02194213867188,29.46800143744356,26.5
2024-01-23 21:00:00,58.91933822631836,29.05639836095995,26.0
2024-01-23 22:00:00,34.7972526550293,28.72444807073121,25.5
2024-01-23 23:00:00,25.30178451538086,28.19509864109819,25.5
2024-01-24 00:00:00,20.55438423156738,27.824036259805,25.5
2024-01-24 01:00:00,17.57701873779297,27.41601136935655,25.0
2024-01-24 02:00:00,15.91866970062256,27.01241534243348,25.0
2024-01-24 03:00:00,15.85188865661621,26.56129200227799,25.0
2024-01-24 04:00:00,16.53842544555664,26.72888967042328,25.0
2024-01-24 05:00:00,15.67962169647217,26.47596464874924,25.0
2024-01-24 06:00:00,13.77908897399902,26.41723823547363,25.0
2024-01-24 07:00:00,26.33962631225586,26.59792222258865,25.0
2024-01-24 08:00:00,88.6998062133789,27.09158876890777,26.0
2024-01-24 09:00:00,145.5703887939453,28.53435008756576,27.5
2024-01-24 10:00:00,154.8816680908203,29.71835858334777,28.5
2024-01-24 11:00:00,172.3339385986328,30.82989164578017,29.5
2024-01-24 12:00:00,175.1526794433594,32.1151670025241,31.0
2024-01-24 13:00:00,170.8595123291016,32.50256752711471,31.0
2024-01-24 14:00:00,179.2679290771484,32.69619287470336,31.5
2024-01-24 15:00:00,174.2883758544922,32.51155284143263,31.0
2024-01-24 16:00:00,172.6203765869141,32.37159244988554,31.0
2024-01-24 17:00:00,143.9802856445312,32.18982297630721,30.0
2024-01-24 18:00:00,107.3060455322266,31.447724065473,28.5
2024-01-24 19:00:00,87.01049041748047,30.4489170094972,27.0
2024-01-24 20:00:00,74.87385559082031,29.09741639578214,26.5
2024-01-24 21:00:00,58.39651870727539,28.28403605184247,26.0
2024-01-24 22:00:00,32.11265563964844,28.10944774586667,25.5
2024-01-24 23:00:00,25.27021026611328,28.0165321083479,25.5
2024-01-25 00:00:00,23.71585083007812,27.93189436389554,25.5
2024-01-25 01:00:00,21.39296722412109,27.88064475726056,25.5
2024-01-25 02:00:00,19.7619514465332,27.42664704271542,25.0
2024-01-25 03:00:00,19.59811401367188,27.46855615800427,25.0
2024-01-25 04:00:00,19.10881614685059,27.22911227646694,25.0
2024-01-25 05:00:00,18.2998104095459,26.78765347183392,25.0
2024-01-25 06:00:00,16.11260414123535,26.80929700789913,25.0
2024-01-25 07:00:00,28.60888481140137,26.61201125319286,25.0
2024-01-25 08:00:00,91.381103515625,26.63064880781276,25.5
2024-01-25 09:00:00,148.6241607666016,27.94638642957134,27.0
2024-01-25 10:00:00,163.8299560546875,29.4429445164178,28.5
2024-01-25 11:00:00,183.2771606445312,30.44176471874278,29.5
2024-01-25 12:00:00,191.0180206298828,31.51671292704921,31.0
2024-01-25 13:00:00,193.770751953125,32.52278677622477,32.0
2024-01-25 14:00:00,200.1124267578125,32.7841306296728,32.5
2024-01-25 15:00:00,206.7891998291016,32.72453446542063,32.5
2024-01-25 16:00:00,206.1493072509766,32.48636850746729,32.5
2024-01-25 17:00:00,158.8795776367188,31.85879253059305,30.0
2024-01-25 18:00:00,113.3218765258789,30.93580639746881,28.0
2024-01-25 19:00:00,98.90984344482422,30.03845884466684,27.5
2024-01-25 20:00:00,78.53338623046875,29.15704909704065,26.5
2024-01-25 21:00:00,63.24142074584961,28.6543853821293,26.0
2024-01-25 22:00:00,35.76612091064453,28.23437471287225,25.5
2024-01-25 23:00:00,26.49313545227051,27.91428050174508,25.5
2024-01-26 00:00:00,20.79241943359375,27.84352253329369,25.5
2024-01-26 01:00:00,17.96565628051758,27.66657292971047,25.0
2024-01-26 02:00:00,16.35272407531738,27.66791083223076,25.0
2024-01-26 03:00:00,15.38636684417725,27.30859008912117,25.0
2024-01-26 04:00:00,13.97315406799316,27.17266946197838,25.0
2024-01-26 05:00:00,13.53071784973145,26.80168337463051,25.0
2024-01-26 06:00:00,13.10184764862061,26.56130870696037,25.0
2024-01-26 07:00:00,23.02378273010254,26.45708630674629,25.0
2024-01-26 08:00:00,81.44416809082031,27.11497366300193,26.0
2024-01-26 09:00:00,136.7827911376953,28.58800078976539,27.5
2024-01-26 10:00:00,163.6378021240234,30.4503711782476,29.0
2024-01-26 11:00:00,175.1038818359375,31.65790109736945,30.5
2024-01-26 12:00:00,187.6652984619141,32.70174426417197,32.0
2024-01-26 13:00:00,189.0522155761719,33.50294025995398,32.5
2024-01-26 14:00:00,208.6861419677734,33.70749662255728,33.5
2024-01-26 15:00:00,212.6671295166016,33.6566246709516,33.5
2024-01-26 16:00:00,205.9503173828125,33.28117348045431,33.0
2024-01-26 17:00:00,169.7712707519531,32.13445535270117,30.5
2024-01-26 18:00:00,125.2898483276367,31.20749811972341,28.5
2024-01-26 19:00:00,102.4529113769531,30.59062427602789,27.5
2024-01-26 20:00:00,85.17710876464844,29.80350240071614,27.0
2024-01-26 21:00:00,68.34905242919922,29.07253286915441,26.5
2024-01-26 22:00:00,34.92251968383789,28.78694068744618,25.5
2024-01-26 23:00:00,25.5712776184082,28.25534058642644,25.5
2024-01-27 00:00:00,23.09089279174805,27.98663225481587,25.5
2024-01-27 01:00:00,20.62837219238281,27.98234729356663,25.5
2024-01-27 02:00:00,18.99970245361328,27.84344929520802,25.5
2024-01-27 03:00:00,18.70314788818359,27.58093030991093,25.0
2024-01-27 04:00:00,18.35565567016602,27.38049170791462,25.0
2024-01-27 05:00:00,17.48083114624023,27.4688008933939,25.0
2024-01-27 06:00:00,17.50092124938965,27.47593904310657,25.0
2024-01-27 07:00:00,26.55532073974609,27.51741137555851,25.5
2024-01-27 08:00:00,81.41907501220703,27.79109005261493,26.0
2024-01-27 09:00:00,128.2235717773438,29.34607595013034,27.5
2024-01-27 10:00:00,151.0295257568359,30.86672957225512,29.0
2024-01-27 11:00:00,156.5119018554688,31.96143219035159,30.0
2024-01-27 12:00:00,154.9446716308594,32.68135415354082,30.5
2024-01-27 13:00:00,142.2718963623047,32.7647976926578,30.0
2024-01-27 14:00:00,154.2937927246094,32.82139529976794,30.5
2024-01-27 15:00:00,156.2472686767578,32.60613469154604,30.5
2024-01-27 16:00:00,157.2964935302734,32.33883970527238,30.5
2024-01-27 17:00:00,141.6311645507812,32.10479743506319,29.5
2024-01-27 18:00:00,116.5244522094727,31.4801072766704,28.5
2024-01-27 19:00:00,95.48455810546875,30.63173090001588,27.5
2024-01-27 20:00:00,73.51070404052734,29.59204936283891,26.5
2024-01-27 21:00:00,59.63214874267578,29.32265438572053,26.0
2024-01-27 22:00:00,31.98147773742676,29.05394605410996,25.5
2024-01-27 23:00:00,25.7787914276123,28.66349928866151,25.5
2024-01-28 00:00:00,22.65066528320312,28.4800341821486,25.5
2024-01-28 01:00:00,19.14360427856445,28.663832869581,25.5
2024-01-28 02:00:00,18.01940727233887,28.44770441773117,25.5
2024-01-28 03:00:00,17.21943664550781,28.32731914520264,25.5
2024-01-28 04:00:00,15.70614814758301,28.03051747557937,25.0
2024-01-28 05:00:00,14.00521945953369,27.63276747221588,25.0
2024-01-28 06:00:00,12.46620559692383,27.62275092832504,25.0
2024-01-28 07:00:00,14.2113094329834,27.48126275052307,25.0
2024-01-28 08:00:00,27.34885787963867,27.75839563595351,25.5
2024-01-28 09:00:00,48.54002380371094,28.99014316066619,26.0
2024-01-28 10:00:00,63.17271423339844,30.37576603633101,26.5
2024-01-28 11:00:00,71.92853546142578,31.26055158594603,27.0
2024-01-28 12:00:00,81.13822174072266,32.07296088434035,27.5
2024-01-28 13:00:00,84.09040069580078,32.69017403100126,28.0
2024-01-28 14:00:00,87.64534759521484,33.28909379692488,28.5
2024-01-28 15:00:00,81.61592102050781,33.56938525169127,28.5
2024-01-28 16:00:00,79.51266479492188,33.04004345145277,28.0
2024-01-28 17:00:00,74.85342407226562,32.34177350485196,27.5
2024-01-28 18:00:00,65.68363952636719,31.46487272939374,27.0
2024-01-28 19:00:00,58.59963989257812,30.54092910725583,26.5
2024-01-28 20:00:00,50.56136322021484,29.56394974903394,26.0
2024-01-28 21:00:00,39.77705383300781,29.23923975421536,26.0
2024-01-28 22:00:00,22.35740089416504,29.1344775743382,25.5
2024-01-28 23:00:00,19.12734985351562,29.21337017961728,25.5
2024-01-29 00:00:00,19.43039703369141,28.73455595201062,25.5
2024-01-29 01:00:00,17.3463020324707,28.38368857804165,25.5
2024-01-29 02:00:00,17.62785339355469,28.13728859604046,25.5
2024-01-29 03:00:00,17.52196311950684,28.05059282241329,25.5
2024-01-29 04:00:00,16.3089714050293,27.76560527022167,25.0
2024-01-29 05:00:00,16.32492065429688,27.69017429761989,25.0
2024-01-29 06:00:00,14.07930183410645,27.70184621503276,25.0
2024-01-29 07:00:00,15.65474510192871,27.81171797680598,25.0
2024-01-29 08:00:00,27.47706413269043,28.03909958049815,25.5
2024-01-29 09:00:00,42.50594711303711,29.37343957347255,26.0
2024-01-29 10:00:00,57.66164016723633,30.59833780924479,26.5
2024-01-29 11:00:00,65.39986419677734,31.29694705881098,27.0
2024-01-29 12:00:00,71.5771255493164,32.12383122597971,27.5
2024-01-29 13:00:00,75.0071792602539,33.03704389961817,28.0
2024-01-29 14:00:00,80.02263641357422,33.52824615150369,28.0
2024-01-29 15:00:00,73.01172637939453,33.22780907538629,28.0
2024-01-29 16:00:00,72.43778991699219,32.88708307409799,27.5
2024-01-29 17:00:00,68.38793182373047,32.02816478154993,27.5
2024-01-29 18:00:00,63.69309997558594,31.33101063389932,27.0
2024-01-29 19:00:00,60.41352081298828,30.6956812848327,26.5
2024-01-29 20:00:00,51.48451232910156,30.19839438571725,26.5
2024-01-29 21:00:00,42.99123382568359,29.62242363345239,26.0
2024-01-29 22:00:00,25.64652824401855,29.24501168856057,25.5
2024-01-29 23:00:00,19.75679969787598,28.71966387635918,25.5
2024-01-30 00:00:00,18.2287769317627,29.01176372651131,25.5
2024-01-30 01:00:00,15.60748195648193,28.79542928100914,25.5
2024-01-30 02:00:00,13.58809280395508,28.61818976043373,25.0
2024-01-30 03:00:00,14.31352138519287,28.31515487547844,25.0
2024-01-30 04:00:00,14.49428081512451,28.14957306974678,25.0
2024-01-30 05:00:00,14.10364818572998,28.03499376645652,25.0
2024-01-30 06:00:00,13.1819372177124,27.70971919644263,25.0
2024-01-30 07:00:00,22.26903533935547,27.51188984737601,25.5
2024-01-30 08:00:00,73.67241668701172,27.94556264979865,26.0
2024-01-30 09:00:00,106.5304870605469,29.40193290095176,27.0
2024-01-30 10:00:00,131.2387084960938,30.76968010522986,28.5
2024-01-30 11:00:00,138.4044189453125,31.82018754815542,29.5
2024-01-30 12:00:00,131.5496826171875,32.50120913597846,29.5
2024-01-30 13:00:00,136.9376831054688,33.02356411308371,30.0
2024-01-30 14:00:00,143.7541809082031,33.07218709556005,30.5
2024-01-30 15:00:00,152.0820159912109,33.26850752676687,31.0
2024-01-30 16:00:00,159.0314636230469,33.25274223409673,31.0
2024-01-30 17:00:00,141.0503082275391,33.07675584157308,30.5
2024-01-30 18:00:00,104.2505798339844,32.42425463276525,28.5
2024-01-30 19:00:00,88.45830535888672,31.3898583586498,27.5
2024-01-30 20:00:00,64.45021057128906,30.58110714984197,26.5
2024-01-30 21:00:00,52.14313507080078,30.04999914476948,26.0
2024-01-30 22:00:00,30.06246948242188,29.48718528337376,25.5
2024-01-30 23:00:00,22.28672027587891,29.08203667466358,25.5
2024-01-31 00:00:00,18.00893592834473,28.91980226578251,25.5
2024-01-31 01:00:00,16.50401878356934,28.77521655380085,25.5
2024-01-31 02:00:00,15.4502649307251,28.55930363234653,25.5
2024-01-31 03:00:00,15.3772497177124,28.40802121931507,25.0
2024-01-31 04:00:00,15.49419116973877,28.21072592786563,25.0
2024-01-31 05:00:00,13.59450340270996,28.08410171795917,25.0
2024-01-31 06:00:00,12.02557468414307,27.98283761547458,25.0
2024-01-31 07:00:00,21.64192771911621,27.59732897563647,25.5
2024-01-31 08:00:00,71.02950286865234,28.20187542002688,26.0
2024-01-31 09:00:00,116.8779449462891,29.80653821268389,27.5
2024-01-31 10:00:00,149.3440551757812,30.88915586984286,29.0
2024-01-31 11:00:00,149.3140716552734,32.30991019997546,30.0
2024-01-31 12:00:00,136.88623046875,33.21162728340395,30.5
2024-01-31 13:00:00,133.4703216552734,33.22746294288225,30.0
2024-01-31 14:00:00,145.7201995849609,33.49589641119844,31.0
2024-01-31 15:00:00,158.8545837402344,33.76963993810838,31.5
2024-01-31 16:00:00,150.8170928955078,33.50551496526246,31.0
2024-01-31 17:00:00,127.2957382202148,33.11003279942338,30.0
2024-01-31 18:00:00,96.88862609863281,32.7735277606595,28.5
2024-01-31 19:00:00,81.29147338867188,31.64279893649522,27.5
2024-01-31 20:00:00,67.76522827148438,30.75959055910828,27.0
2024-01-31 21:00:00,52.97798156738281,30.20853550203385,26.5
2024-01-31 22:00:00,30.71368789672852,29.77907773499848,25.5
2024-01-31 23:00:00,22.72294425964355,29.74776564362229,25.5
